25.12,-372.61,-62.1,152788745.37,500,-25.12,372.62,62.1,152788745.37,500,
26.97,-372.47,-62.08,152788745.37,500,-26.97,372.47,62.08,152788745.37,500,
28.82,-372.31,-62.05,152788745.37,500,-28.82,372.31,62.05,152788745.37,500,
30.67,-372.13,-62.02,152788745.37,500,-30.67,372.14,62.02,152788745.37,500,
32.51,-371.95,-61.99,152788745.37,500,-32.51,371.96,61.99,152788745.37,500,
34.36,-371.76,-61.96,152788745.37,500,-34.36,371.76,61.96,152788745.37,500,
36.2,-371.55,-61.93,152788745.37,500,-36.2,371.56,61.93,152788745.37,500,
38.05,-371.34,-61.89,152788745.37,500,-38.05,371.34,61.89,152788745.37,500,
39.89,-371.11,-61.85,152788745.37,500,-39.89,371.12,61.85,152788745.37,500,
41.73,-370.87,-61.81,152788745.37,500,-41.73,370.88,61.81,152788745.37,500,
43.57,-370.62,-61.77,152788745.37,500,-43.57,370.63,61.77,152788745.37,500,
45.41,-370.36,-61.73,152788745.37,500,-45.41,370.37,61.73,152788745.37,500,
47.24,-370.09,-61.68,152788745.37,500,-47.24,370.1,61.68,152788745.37,500,
49.08,-369.81,-61.63,152788745.37,500,-49.08,369.81,61.64,152788745.37,500,
50.91,-369.51,-61.59,152788745.37,500,-50.91,369.52,61.59,152788745.37,500,
52.75,-369.21,-61.53,152788745.37,500,-52.75,369.21,61.54,152788745.37,500,
54.58,-368.89,-61.48,152788745.37,500,-54.58,368.9,61.48,152788745.37,500,
56.41,-368.57,-61.43,152788745.37,500,-56.41,368.57,61.43,152788745.37,500,
58.23,-368.23,-61.37,152788745.37,500,-58.23,368.23,61.37,152788745.37,500,
60.06,-367.88,-61.31,152788745.37,500,-60.06,367.88,61.31,152788745.37,500,
61.88,-367.52,-61.25,152788745.37,500,-61.88,367.52,61.25,152788745.37,500,
63.7,-367.14,-61.19,152788745.37,500,-63.7,367.15,61.19,152788745.37,500,
65.52,-366.76,-61.13,152788745.37,500,-65.52,366.76,61.13,152788745.37,500,
67.34,-366.37,-61.06,152788745.37,500,-67.34,366.37,61.06,152788745.37,500,
69.16,-365.96,-60.99,152788745.37,500,-69.16,365.96,60.99,152788745.37,500,
70.97,-365.54,-60.92,152788745.37,500,-70.97,365.55,60.92,152788745.37,500,
72.78,-365.11,-60.85,152788745.37,500,-72.78,365.12,60.85,152788745.37,500,
74.59,-364.68,-60.78,152788745.37,500,-74.59,364.68,60.78,152788745.37,500,
76.4,-364.23,-60.7,152788745.37,500,-76.4,364.23,60.71,152788745.37,500,
78.21,-363.76,-60.63,152788745.37,500,-78.21,363.77,60.63,152788745.37,500,
80.01,-363.29,-60.55,152788745.37,500,-80.01,363.3,60.55,152788745.37,500,
81.81,-362.81,-60.47,152788745.37,500,-81.81,362.81,60.47,152788745.37,500,
83.61,-362.31,-60.39,152788745.37,500,-83.61,362.32,60.39,152788745.37,500,
85.4,-361.81,-60.3,152788745.37,500,-85.4,361.81,60.3,152788745.37,500,
87.19,-361.29,-60.22,152788745.37,500,-87.19,361.3,60.22,152788745.37,500,
88.98,-360.76,-60.13,152788745.37,500,-88.98,360.77,60.13,152788745.37,500,
90.77,-360.23,-60.04,152788745.37,500,-90.77,360.23,60.04,152788745.37,500,
92.55,-359.68,-59.95,152788745.37,500,-92.55,359.68,59.95,152788745.37,500,
94.34,-359.11,-59.85,152788745.37,500,-94.34,359.12,59.85,152788745.37,500,
96.11,-358.54,-59.76,152788745.37,500,-96.11,358.55,59.76,152788745.37,500,
97.89,-357.96,-59.66,152788745.37,500,-97.89,357.96,59.66,152788745.37,500,
99.66,-357.37,-59.56,152788745.37,500,-99.66,357.37,59.56,152788745.37,500,
101.43,-356.76,-59.46,152788745.37,500,-101.43,356.77,59.46,152788745.37,500,
103.2,-356.15,-59.36,152788745.37,500,-103.2,356.15,59.36,152788745.37,500,
104.96,-355.52,-59.25,152788745.37,500,-104.96,355.52,59.25,152788745.37,500,
106.72,-354.88,-59.15,152788745.37,500,-106.72,354.88,59.15,152788745.37,500,
108.48,-354.23,-59.04,152788745.37,500,-108.48,354.24,59.04,152788745.37,500,
110.23,-353.57,-58.93,152788745.37,500,-110.23,353.58,58.93,152788745.37,500,
111.98,-352.9,-58.82,152788745.37,500,-111.98,352.91,58.82,152788745.37,500,
113.73,-352.22,-58.7,152788745.37,500,-113.73,352.22,58.7,152788745.37,500,
115.47,-351.53,-58.59,152788745.37,500,-115.47,351.53,58.59,152788745.37,500,
117.21,-350.82,-58.47,152788745.37,500,-117.21,350.83,58.47,152788745.37,500,
118.95,-350.11,-58.35,152788745.37,500,-118.95,350.11,58.35,152788745.37,500,
120.68,-349.38,-58.23,152788745.37,500,-120.68,349.39,58.23,152788745.37,500,
122.41,-348.65,-58.11,152788745.37,500,-122.41,348.65,58.11,152788745.37,500,
124.13,-347.9,-57.98,152788745.37,500,-124.13,347.9,57.98,152788745.37,500,
125.85,-347.14,-57.86,152788745.37,500,-125.85,347.15,57.86,152788745.37,500,
127.57,-346.37,-57.73,152788745.37,500,-127.57,346.38,57.73,152788745.37,500,
129.28,-345.59,-57.6,152788745.37,500,-129.28,345.6,57.6,152788745.37,500,
130.99,-344.8,-57.47,152788745.37,500,-130.99,344.81,57.47,152788745.37,500,
132.69,-344,-57.33,152788745.37,500,-132.69,344,57.33,152788745.37,500,
134.39,-343.19,-57.2,152788745.37,500,-134.39,343.19,57.2,152788745.37,500,
136.09,-342.36,-57.06,152788745.37,500,-136.09,342.37,57.06,152788745.37,500,
137.78,-341.53,-56.92,152788745.37,500,-137.78,341.54,56.92,152788745.37,500,
139.47,-340.69,-56.78,152788745.37,500,-139.47,340.69,56.78,152788745.37,500,
141.15,-339.83,-56.64,152788745.37,500,-141.15,339.84,56.64,152788745.37,500,
142.83,-338.96,-56.49,152788745.37,500,-142.83,338.97,56.49,152788745.37,500,
144.5,-338.09,-56.35,152788745.37,500,-144.5,338.09,56.35,152788745.37,500,
146.17,-337.2,-56.2,152788745.37,500,-146.17,337.2,56.2,152788745.37,500,
147.84,-336.3,-56.05,152788745.37,500,-147.84,336.31,56.05,152788745.37,500,
149.5,-335.39,-55.9,152788745.37,500,-149.5,335.4,55.9,152788745.37,500,
151.15,-334.47,-55.75,152788745.37,500,-151.15,334.48,55.75,152788745.37,500,
152.8,-333.54,-55.59,152788745.37,500,-152.8,333.55,55.59,152788745.37,500,
154.45,-332.6,-55.43,152788745.37,500,-154.45,332.61,55.43,152788745.37,500,
156.09,-331.65,-55.27,152788745.37,500,-156.09,331.65,55.28,152788745.37,500,
157.72,-330.69,-55.11,152788745.37,500,-157.72,330.69,55.12,152788745.37,500,
159.35,-329.71,-54.95,152788745.37,500,-159.35,329.72,54.95,152788745.37,500,
160.98,-328.73,-54.79,152788745.37,500,-160.98,328.73,54.79,152788745.37,500,
162.6,-327.74,-54.62,152788745.37,500,-162.6,327.74,54.62,152788745.37,500,
164.21,-326.73,-54.46,152788745.37,500,-164.21,326.73,54.46,152788745.37,500,
165.82,-325.71,-54.29,152788745.37,500,-165.82,325.72,54.29,152788745.37,500,
167.43,-324.69,-54.11,152788745.37,500,-167.43,324.69,54.12,152788745.37,500,
169.02,-323.65,-53.94,152788745.37,500,-169.02,323.66,53.94,152788745.37,500,
170.62,-322.61,-53.77,152788745.37,500,-170.62,322.61,53.77,152788745.37,500,
172.21,-321.55,-53.59,152788745.37,500,-172.21,321.55,53.59,152788745.37,500,
173.79,-320.48,-53.41,152788745.37,500,-173.79,320.48,53.41,152788745.37,500,
175.36,-319.4,-53.23,152788745.37,500,-175.36,319.41,53.23,152788745.37,500,
176.93,-318.31,-53.05,152788745.37,500,-176.93,318.32,53.05,152788745.37,500,
178.5,-317.21,-52.87,152788745.37,500,-178.5,317.22,52.87,152788745.37,500,
180.06,-316.1,-52.68,152788745.37,500,-180.06,316.11,52.68,152788745.37,500,
181.61,-314.98,-52.5,152788745.37,500,-181.61,314.99,52.5,152788745.37,500,
183.16,-313.85,-52.31,152788745.37,500,-183.16,313.86,52.31,152788745.37,500,
184.7,-312.71,-52.12,152788745.37,500,-184.7,312.72,52.12,152788745.37,500,
186.23,-311.56,-51.93,152788745.37,500,-186.23,311.56,51.93,152788745.37,500,
187.76,-310.4,-51.73,152788745.37,500,-187.76,310.4,51.73,152788745.37,500,
189.29,-309.23,-51.54,152788745.37,500,-189.29,309.23,51.54,152788745.37,500,
190.8,-308.04,-51.34,152788745.37,500,-190.8,308.05,51.34,152788745.37,500,
192.31,-306.85,-51.14,152788745.37,500,-192.31,306.86,51.14,152788745.37,500,
193.82,-305.65,-50.94,152788745.37,500,-193.82,305.65,50.94,152788745.37,500,
195.31,-304.44,-50.74,152788745.37,500,-195.31,304.44,50.74,152788745.37,500,
196.8,-303.21,-50.54,152788745.37,500,-196.8,303.22,50.54,152788745.37,500,
198.29,-301.98,-50.33,152788745.37,500,-198.29,301.98,50.33,152788745.37,500,
199.76,-300.74,-50.12,152788745.37,500,-199.76,300.74,50.12,152788745.37,500,
201.23,-299.48,-49.91,152788745.37,500,-201.23,299.49,49.91,152788745.37,500,
202.7,-298.22,-49.7,152788745.37,500,-202.7,298.22,49.7,152788745.37,500,
204.15,-296.94,-49.49,152788745.37,500,-204.15,296.95,49.49,152788745.37,500,
205.6,-295.66,-49.28,152788745.37,500,-205.6,295.66,49.28,152788745.37,500,
207.05,-294.37,-49.06,152788745.37,500,-207.05,294.37,49.06,152788745.37,500,
208.48,-293.06,-48.84,152788745.37,500,-208.48,293.07,48.84,152788745.37,500,
209.91,-291.75,-48.62,152788745.37,500,-209.91,291.75,48.63,152788745.37,500,
211.33,-290.42,-48.4,152788745.37,500,-211.33,290.43,48.4,152788745.37,500,
212.75,-289.09,-48.18,152788745.37,500,-212.75,289.09,48.18,152788745.37,500,
214.15,-287.75,-47.96,152788745.37,500,-214.15,287.75,47.96,152788745.37,500,
215.55,-286.39,-47.73,152788745.37,500,-215.55,286.4,47.73,152788745.37,500,
216.94,-285.03,-47.5,152788745.37,500,-216.94,285.03,47.51,152788745.37,500,
218.33,-283.65,-47.28,152788745.37,500,-218.33,283.66,47.28,152788745.37,500,
219.71,-282.27,-47.04,152788745.37,500,-219.71,282.27,47.05,152788745.37,500,
221.08,-280.88,-46.81,152788745.37,500,-221.08,280.88,46.81,152788745.37,500,
222.44,-279.47,-46.58,152788745.37,500,-222.44,279.48,46.58,152788745.37,500,
223.79,-278.06,-46.34,152788745.37,500,-223.79,278.06,46.34,152788745.37,500,
225.14,-276.64,-46.11,152788745.37,500,-225.14,276.64,46.11,152788745.37,500,
226.47,-275.21,-45.87,152788745.37,500,-226.47,275.21,45.87,152788745.37,500,
227.8,-273.76,-45.63,152788745.37,500,-227.8,273.77,45.63,152788745.37,500,
229.13,-272.31,-45.39,152788745.37,500,-229.13,272.32,45.39,152788745.37,500,
230.44,-270.85,-45.14,152788745.37,500,-230.44,270.85,45.14,152788745.37,500,
231.75,-269.38,-44.9,152788745.37,500,-231.75,269.38,44.9,152788745.37,500,
233.04,-267.9,-44.65,152788745.37,500,-233.04,267.9,44.65,152788745.37,500,
234.33,-266.41,-44.4,152788745.37,500,-234.33,266.41,44.4,152788745.37,500,
235.61,-264.91,-44.15,152788745.37,500,-235.61,264.91,44.15,152788745.37,500,
236.89,-263.4,-43.9,152788745.37,500,-236.89,263.4,43.9,152788745.37,500,
238.15,-261.88,-43.65,152788745.37,500,-238.15,261.88,43.65,152788745.37,500,
239.4,-260.35,-43.39,152788745.37,500,-239.4,260.36,43.39,152788745.37,500,
240.65,-258.81,-43.14,152788745.37,500,-240.65,258.82,43.14,152788745.37,500,
241.89,-257.27,-42.88,152788745.37,500,-241.89,257.27,42.88,152788745.37,500,
243.12,-255.71,-42.62,152788745.37,500,-243.12,255.72,42.62,152788745.37,500,
244.34,-254.15,-42.36,152788745.37,500,-244.34,254.15,42.36,152788745.37,500,
245.55,-252.57,-42.1,152788745.37,500,-245.55,252.58,42.1,152788745.37,500,
246.75,-250.99,-41.83,152788745.37,500,-246.75,250.99,41.83,152788745.37,500,
247.94,-249.39,-41.57,152788745.37,500,-247.94,249.4,41.57,152788745.37,500,
249.13,-247.79,-41.3,152788745.37,500,-249.13,247.8,41.3,152788745.37,500,
250.3,-246.18,-41.03,152788745.37,500,-250.3,246.18,41.03,152788745.37,500,
251.47,-244.56,-40.76,152788745.37,500,-251.47,244.56,40.76,152788745.37,500,
252.63,-242.93,-40.49,152788745.37,500,-252.63,242.93,40.49,152788745.37,500,
253.77,-241.29,-40.22,152788745.37,500,-253.77,241.3,40.22,152788745.37,500,
254.91,-239.64,-39.94,152788745.37,500,-254.91,239.65,39.94,152788745.37,500,
256.04,-237.99,-39.66,152788745.37,500,-256.04,237.99,39.67,152788745.37,500,
257.16,-236.32,-39.39,152788745.37,500,-257.16,236.32,39.39,152788745.37,500,
258.27,-234.65,-39.11,152788745.37,500,-258.27,234.65,39.11,152788745.37,500,
259.36,-232.96,-38.83,152788745.37,500,-259.36,232.97,38.83,152788745.37,500,
260.45,-231.27,-38.55,152788745.37,500,-260.45,231.27,38.55,152788745.37,500,
261.53,-229.57,-38.26,152788745.37,500,-261.53,229.57,38.26,152788745.37,500,
262.6,-227.86,-37.98,152788745.37,500,-262.6,227.86,37.98,152788745.37,500,
263.66,-226.14,-37.69,152788745.37,500,-263.66,226.15,37.69,152788745.37,500,
264.71,-224.41,-37.4,152788745.37,500,-264.71,224.42,37.4,152788745.37,500,
265.75,-222.68,-37.11,152788745.37,500,-265.75,222.68,37.11,152788745.37,500,
266.78,-220.93,-36.82,152788745.37,500,-266.78,220.94,36.82,152788745.37,500,
267.8,-219.18,-36.53,152788745.37,500,-267.8,219.18,36.53,152788745.37,500,
268.8,-217.42,-36.24,152788745.37,500,-268.8,217.42,36.24,152788745.37,500,
269.8,-215.65,-35.94,152788745.37,500,-269.8,215.65,35.94,152788745.37,500,
270.79,-213.87,-35.65,152788745.37,500,-270.79,213.88,35.65,152788745.37,500,
271.77,-212.08,-35.35,152788745.37,500,-271.77,212.09,35.35,152788745.37,500,
272.73,-210.29,-35.05,152788745.37,500,-272.73,210.29,35.05,152788745.37,500,
273.69,-208.49,-34.75,152788745.37,500,-273.69,208.49,34.75,152788745.37,500,
274.63,-206.67,-34.45,152788745.37,500,-274.63,206.68,34.45,152788745.37,500,
275.56,-204.85,-34.14,152788745.37,500,-275.56,204.86,34.14,152788745.37,500,
276.49,-203.03,-33.84,152788745.37,500,-276.49,203.03,33.84,152788745.37,500,
277.4,-201.19,-33.53,152788745.37,500,-277.4,201.2,33.53,152788745.37,500,
278.3,-199.35,-33.22,152788745.37,500,-278.3,199.35,33.23,152788745.37,500,
279.19,-197.49,-32.92,152788745.37,500,-279.19,197.5,32.92,152788745.37,500,
280.06,-195.63,-32.61,152788745.37,500,-280.06,195.64,32.61,152788745.37,500,
280.93,-193.77,-32.29,152788745.37,500,-280.93,193.77,32.3,152788745.37,500,
281.79,-191.89,-31.98,152788745.37,500,-281.79,191.9,31.98,152788745.37,500,
282.63,-190.01,-31.67,152788745.37,500,-282.63,190.01,31.67,152788745.37,500,
283.46,-188.12,-31.35,152788745.37,500,-283.46,188.12,31.35,152788745.37,500,
284.28,-186.22,-31.04,152788745.37,500,-284.28,186.22,31.04,152788745.37,500,
285.09,-184.31,-30.72,152788745.37,500,-285.09,184.32,30.72,152788745.37,500,
285.89,-182.4,-30.4,152788745.37,500,-285.89,182.4,30.4,152788745.37,500,
286.67,-180.47,-30.08,152788745.37,500,-286.67,180.48,30.08,152788745.37,500,
287.45,-178.55,-29.76,152788745.37,500,-287.45,178.55,29.76,152788745.37,500,
288.21,-176.61,-29.43,152788745.37,500,-288.21,176.61,29.44,152788745.37,500,
288.96,-174.66,-29.11,152788745.37,500,-288.96,174.67,29.11,152788745.37,500,
289.69,-172.71,-28.79,152788745.37,500,-289.69,172.72,28.79,152788745.37,500,
290.42,-170.75,-28.46,152788745.37,500,-290.42,170.76,28.46,152788745.37,500,
291.13,-168.79,-28.13,152788745.37,500,-291.13,168.79,28.13,152788745.37,500,
291.83,-166.81,-27.8,152788745.37,500,-291.83,166.82,27.8,152788745.37,500,
292.52,-164.83,-27.47,152788745.37,500,-292.52,164.84,27.47,152788745.37,500,
293.19,-162.85,-27.14,152788745.37,500,-293.19,162.85,27.14,152788745.37,500,
293.86,-160.85,-26.81,152788745.37,500,-293.86,160.86,26.81,152788745.37,500,
294.51,-158.85,-26.48,152788745.37,500,-294.51,158.86,26.48,152788745.37,500,
295.14,-156.84,-26.14,152788745.37,500,-295.14,156.85,26.14,152788745.37,500,
295.77,-154.83,-25.8,152788745.37,500,-295.77,154.83,25.81,152788745.37,500,
296.38,-152.81,-25.47,152788745.37,500,-296.38,152.81,25.47,152788745.37,500,
296.98,-150.78,-25.13,152788745.37,500,-296.98,150.78,25.13,152788745.37,500,
297.56,-148.74,-24.79,152788745.37,500,-297.56,148.75,24.79,152788745.37,500,
298.14,-146.7,-24.45,152788745.37,500,-298.14,146.71,24.45,152788745.37,500,
298.7,-144.65,-24.11,152788745.37,500,-298.7,144.66,24.11,152788745.37,500,
299.24,-142.6,-23.77,152788745.37,500,-299.24,142.6,23.77,152788745.37,500,
299.78,-140.54,-23.42,152788745.37,500,-299.78,140.54,23.42,152788745.37,500,
300.29,-138.47,-23.08,152788745.37,500,-300.29,138.48,23.08,152788745.37,500,
300.8,-136.4,-22.73,152788745.37,500,-300.8,136.4,22.73,152788745.37,500,
301.29,-134.32,-22.39,152788745.37,500,-301.29,134.32,22.39,152788745.37,500,
301.77,-132.23,-22.04,152788745.37,500,-301.77,132.24,22.04,152788745.37,500,
302.24,-130.14,-21.69,152788745.37,500,-302.24,130.15,21.69,152788745.37,500,
302.69,-128.05,-21.34,152788745.37,500,-302.69,128.05,21.34,152788745.37,500,
303.13,-125.94,-20.99,152788745.37,500,-303.13,125.95,20.99,152788745.37,500,
303.55,-123.83,-20.64,152788745.37,500,-303.55,123.84,20.64,152788745.37,500,
303.96,-121.72,-20.29,152788745.37,500,-303.96,121.72,20.29,152788745.37,500,
304.35,-119.6,-19.93,152788745.37,500,-304.35,119.6,19.93,152788745.37,500,
304.74,-117.47,-19.58,152788745.37,500,-304.74,117.48,19.58,152788745.37,500,
305.1,-115.34,-19.22,152788745.37,500,-305.1,115.35,19.22,152788745.37,500,
305.46,-113.2,-18.87,152788745.37,500,-305.46,113.21,18.87,152788745.37,500,
305.79,-111.06,-18.51,152788745.37,500,-305.79,111.07,18.51,152788745.37,500,
306.12,-108.91,-18.15,152788745.37,500,-306.12,108.92,18.15,152788745.37,500,
306.43,-106.76,-17.79,152788745.37,500,-306.43,106.77,17.79,152788745.37,500,
306.72,-104.6,-17.43,152788745.37,500,-306.72,104.61,17.43,152788745.37,500,
307,-102.44,-17.07,152788745.37,500,-307,102.45,17.07,152788745.37,500,
307.27,-100.27,-16.71,152788745.37,500,-307.27,100.28,16.71,152788745.37,500,
307.52,-98.1,-16.35,152788745.37,500,-307.52,98.11,16.35,152788745.37,500,
307.75,-95.93,-15.99,152788745.37,500,-307.75,95.93,15.99,152788745.37,500,
307.98,-93.74,-15.62,152788745.37,500,-307.98,93.75,15.62,152788745.37,500,
308.18,-91.56,-15.26,152788745.37,500,-308.18,91.56,15.26,152788745.37,500,
308.37,-89.37,-14.89,152788745.37,500,-308.37,89.37,14.9,152788745.37,500,
308.55,-87.17,-14.53,152788745.37,500,-308.55,87.18,14.53,152788745.37,500,
308.71,-84.97,-14.16,152788745.37,500,-308.71,84.98,14.16,152788745.37,500,
308.85,-82.77,-13.79,152788745.37,500,-308.85,82.77,13.8,152788745.37,500,
308.98,-80.56,-13.43,152788745.37,500,-308.98,80.56,13.43,152788745.37,500,
309.1,-78.35,-13.06,152788745.37,500,-309.1,78.35,13.06,152788745.37,500,
309.2,-76.13,-12.69,152788745.37,500,-309.2,76.14,12.69,152788745.37,500,
309.28,-73.91,-12.32,152788745.37,500,-309.28,73.92,12.32,152788745.37,500,
309.35,-71.69,-11.95,152788745.37,500,-309.35,71.69,11.95,152788745.37,500,
309.4,-69.46,-11.58,152788745.37,500,-309.4,69.47,11.58,152788745.37,500,
309.43,-67.23,-11.21,152788745.37,500,-309.43,67.24,11.21,152788745.37,500,
309.45,-65,-10.83,152788745.37,500,-309.45,65,10.83,152788745.37,500,
309.46,-62.76,-10.46,152788745.37,500,-309.46,62.76,10.46,152788745.37,500,
309.44,-60.52,-10.09,152788745.37,500,-309.44,60.52,10.09,152788745.37,500,
309.42,-58.28,-9.71,152788745.37,500,-309.42,58.28,9.71,152788745.37,500,
309.37,-56.03,-9.34,152788745.37,500,-309.37,56.03,9.34,152788745.37,500,
309.31,-53.78,-8.96,152788745.37,500,-309.31,53.78,8.96,152788745.37,500,
309.23,-51.53,-8.59,152788745.37,500,-309.23,51.53,8.59,152788745.37,500,
309.14,-49.27,-8.21,152788745.37,500,-309.14,49.27,8.21,152788745.37,500,
309.03,-47.01,-7.84,152788745.37,500,-309.03,47.02,7.84,152788745.37,500,
308.9,-44.75,-7.46,152788745.37,500,-308.9,44.76,7.46,152788745.37,500,
308.76,-42.49,-7.08,152788745.37,500,-308.76,42.49,7.08,152788745.37,500,
308.6,-40.22,-6.7,152788745.37,500,-308.6,40.23,6.7,152788745.37,500,
308.43,-37.96,-6.33,152788745.37,500,-308.43,37.96,6.33,152788745.37,500,
308.23,-35.69,-5.95,152788745.37,500,-308.23,35.69,5.95,152788745.37,500,
308.02,-33.42,-5.57,152788745.37,500,-308.02,33.42,5.57,152788745.37,500,
307.8,-31.14,-5.19,152788745.37,500,-307.8,31.15,5.19,152788745.37,500,
307.55,-28.87,-4.81,152788745.37,500,-307.55,28.87,4.81,152788745.37,500,
307.29,-26.59,-4.43,152788745.37,500,-307.29,26.59,4.43,152788745.37,500,
307.01,-24.31,-4.05,152788745.37,500,-307.01,24.32,4.05,152788745.37,500,
306.72,-22.03,-3.67,152788745.37,500,-306.72,22.04,3.67,152788745.37,500,
306.4,-19.75,-3.29,152788745.37,500,-306.4,19.76,3.29,152788745.37,500,
306.07,-17.47,-2.91,152788745.37,500,-306.07,17.47,2.91,152788745.37,500,
305.73,-15.19,-2.53,152788745.37,500,-305.73,15.19,2.53,152788745.37,500,
305.36,-12.9,-2.15,152788745.37,500,-305.36,12.91,2.15,152788745.37,500,
304.98,-10.62,-1.77,152788745.37,500,-304.98,10.62,1.77,152788745.37,500,
304.58,-8.33,-1.39,152788745.37,500,-304.58,8.34,1.39,152788745.37,500,
304.16,-6.05,-1.01,152788745.37,500,-304.16,6.05,1.01,152788745.37,500,
303.73,-3.76,-0.63,152788745.37,500,-303.73,3.77,0.63,152788745.37,500,
303.28,-1.48,-0.25,152788745.37,500,-303.28,1.48,0.25,152788745.37,500,
302.81,0.81,0.13,152788745.37,500,-302.81,-0.8,-0.13,152788745.37,500,
302.32,3.1,0.52,152788745.37,500,-302.32,-3.09,-0.52,152788745.37,500,
301.81,5.38,0.9,152788745.37,500,-301.81,-5.38,-0.9,152788745.37,500,
301.29,7.67,1.28,152788745.37,500,-301.29,-7.66,-1.28,152788745.37,500,
300.75,9.95,1.66,152788745.37,500,-300.75,-9.95,-1.66,152788745.37,500,
300.19,12.24,2.04,152788745.37,500,-300.19,-12.23,-2.04,152788745.37,500,
299.61,14.52,2.42,152788745.37,500,-299.61,-14.52,-2.42,152788745.37,500,
299.01,16.8,2.8,152788745.37,500,-299.01,-16.8,-2.8,152788745.37,500,
298.4,19.08,3.18,152788745.37,500,-298.4,-19.08,-3.18,152788745.37,500,
297.77,21.37,3.56,152788745.37,500,-297.77,-21.36,-3.56,152788745.37,500,
297.12,23.64,3.94,152788745.37,500,-297.12,-23.64,-3.94,152788745.37,500,
296.45,25.92,4.32,152788745.37,500,-296.45,-25.92,-4.32,152788745.37,500,
295.76,28.2,4.7,152788745.37,500,-295.76,-28.19,-4.7,152788745.37,500,
295.05,30.47,5.08,152788745.37,500,-295.05,-30.47,-5.08,152788745.37,500,
294.33,32.75,5.46,152788745.37,500,-294.33,-32.74,-5.46,152788745.37,500,
293.59,35.02,5.84,152788745.37,500,-293.59,-35.01,-5.84,152788745.37,500,
292.82,37.29,6.21,152788745.37,500,-292.82,-37.28,-6.21,152788745.37,500,
292.04,39.55,6.59,152788745.37,500,-292.04,-39.55,-6.59,152788745.37,500,
291.25,41.82,6.97,152788745.37,500,-291.25,-41.81,-6.97,152788745.37,500,
290.43,44.08,7.35,152788745.37,500,-290.43,-44.07,-7.35,152788745.37,500,
289.59,46.33,7.72,152788745.37,500,-289.59,-46.33,-7.72,152788745.37,500,
288.74,48.59,8.1,152788745.37,500,-288.74,-48.58,-8.1,152788745.37,500,
287.86,50.84,8.47,152788745.37,500,-287.86,-50.84,-8.47,152788745.37,500,
286.97,53.09,8.85,152788745.37,500,-286.97,-53.08,-8.85,152788745.37,500,
286.06,55.33,9.22,152788745.37,500,-286.06,-55.33,-9.22,152788745.37,500,
285.13,57.58,9.6,152788745.37,500,-285.13,-57.57,-9.6,152788745.37,500,
284.18,59.81,9.97,152788745.37,500,-284.18,-59.81,-9.97,152788745.37,500,
283.21,62.05,10.34,152788745.37,500,-283.21,-62.04,-10.34,152788745.37,500,
282.23,64.28,10.71,152788745.37,500,-282.23,-64.27,-10.71,152788745.37,500,
281.22,66.5,11.08,152788745.37,500,-281.22,-66.5,-11.08,152788745.37,500,
280.19,68.72,11.45,152788745.37,500,-280.19,-68.72,-11.45,152788745.37,500,
279.15,70.94,11.82,152788745.37,500,-279.15,-70.93,-11.82,152788745.37,500,
278.09,73.15,12.19,152788745.37,500,-278.09,-73.14,-12.19,152788745.37,500,
277.01,75.36,12.56,152788745.37,500,-277.01,-75.35,-12.56,152788745.37,500,
275.9,77.56,12.93,152788745.37,500,-275.9,-77.55,-12.93,152788745.37,500,
274.78,79.75,13.29,152788745.37,500,-274.78,-79.75,-13.29,152788745.37,500,
273.65,81.94,13.66,152788745.37,500,-273.65,-81.94,-13.66,152788745.37,500,
272.49,84.13,14.02,152788745.37,500,-272.49,-84.12,-14.02,152788745.37,500,
271.31,86.3,14.38,152788745.37,500,-271.31,-86.3,-14.38,152788745.37,500,
270.11,88.48,14.75,152788745.37,500,-270.11,-88.47,-14.75,152788745.37,500,
268.9,90.64,15.11,152788745.37,500,-268.9,-90.64,-15.11,152788745.37,500,
267.66,92.8,15.47,152788745.37,500,-267.66,-92.8,-15.47,152788745.37,500,
266.41,94.95,15.83,152788745.37,500,-266.41,-94.95,-15.83,152788745.37,500,
265.13,97.1,16.18,152788745.37,500,-265.13,-97.1,-16.18,152788745.37,500,
263.84,99.24,16.54,152788745.37,500,-263.84,-99.24,-16.54,152788745.37,500,
262.53,101.37,16.9,152788745.37,500,-262.53,-101.37,-16.89,152788745.37,500,
261.2,103.5,17.25,152788745.37,500,-261.2,-103.49,-17.25,152788745.37,500,
259.85,105.61,17.6,152788745.37,500,-259.85,-105.61,-17.6,152788745.37,500,
258.48,107.72,17.95,152788745.37,500,-258.48,-107.72,-17.95,152788745.37,500,
257.09,109.82,18.3,152788745.37,500,-257.09,-109.82,-18.3,152788745.37,500,
255.69,111.92,18.65,152788745.37,500,-255.69,-111.91,-18.65,152788745.37,500,
254.26,114,19,152788745.37,500,-254.26,-114,-19,152788745.37,500,
252.81,116.08,19.35,152788745.37,500,-252.81,-116.07,-19.35,152788745.37,500,
251.35,118.14,19.69,152788745.37,500,-251.35,-118.14,-19.69,152788745.37,500,
249.87,120.2,20.03,152788745.37,500,-249.87,-120.2,-20.03,152788745.37,500,
248.36,122.25,20.38,152788745.37,500,-248.36,-122.25,-20.37,152788745.37,500,
246.84,124.29,20.72,152788745.37,500,-246.84,-124.29,-20.71,152788745.37,500,
245.3,126.32,21.05,152788745.37,500,-245.3,-126.32,-21.05,152788745.37,500,
243.74,128.34,21.39,152788745.37,500,-243.74,-128.34,-21.39,152788745.37,500,
242.16,130.35,21.73,152788745.37,500,-242.16,-130.35,-21.72,152788745.37,500,
240.57,132.35,22.06,152788745.37,500,-240.57,-132.35,-22.06,152788745.37,500,
238.95,134.34,22.39,152788745.37,500,-238.95,-134.34,-22.39,152788745.37,500,
237.32,136.32,22.72,152788745.37,500,-237.32,-136.32,-22.72,152788745.37,500,
235.66,138.29,23.05,152788745.37,500,-235.66,-138.29,-23.05,152788745.37,500,
233.99,140.25,23.38,152788745.37,500,-233.99,-140.25,-23.37,152788745.37,500,
232.3,142.2,23.7,152788745.37,500,-232.3,-142.19,-23.7,152788745.37,500,
230.59,144.13,24.02,152788745.37,500,-230.59,-144.13,-24.02,152788745.37,500,
228.86,146.06,24.34,152788745.37,500,-228.86,-146.05,-24.34,152788745.37,500,
227.12,147.97,24.66,152788745.37,500,-227.12,-147.96,-24.66,152788745.37,500,
225.35,149.87,24.98,152788745.37,500,-225.35,-149.86,-24.98,152788745.37,500,
223.57,151.76,25.29,152788745.37,500,-223.57,-151.75,-25.29,152788745.37,500,
221.77,153.63,25.61,152788745.37,500,-221.77,-153.63,-25.6,152788745.37,500,
219.95,155.49,25.92,152788745.37,500,-219.95,-155.49,-25.92,152788745.37,500,
218.11,157.34,26.22,152788745.37,500,-218.11,-157.34,-26.22,152788745.37,500,
216.26,159.18,26.53,152788745.37,500,-216.26,-159.18,-26.53,152788745.37,500,
214.38,161.01,26.83,152788745.37,500,-214.38,-161,-26.83,152788745.37,500,
212.49,162.82,27.14,152788745.37,500,-212.49,-162.81,-27.14,152788745.37,500,
210.58,164.61,27.44,152788745.37,500,-210.58,-164.61,-27.43,152788745.37,500,
208.65,166.4,27.73,152788745.37,500,-208.65,-166.39,-27.73,152788745.37,500,
206.71,168.16,28.03,152788745.37,500,-206.71,-168.16,-28.03,152788745.37,500,
204.75,169.92,28.32,152788745.37,500,-204.75,-169.91,-28.32,152788745.37,500,
202.77,171.66,28.61,152788745.37,500,-202.77,-171.65,-28.61,152788745.37,500,
200.77,173.38,28.9,152788745.37,500,-200.77,-173.38,-28.9,152788745.37,500,
198.76,175.09,29.18,152788745.37,500,-198.76,-175.09,-29.18,152788745.37,500,
196.72,176.79,29.46,152788745.37,500,-196.72,-176.78,-29.46,152788745.37,500,
194.67,178.47,29.74,152788745.37,500,-194.67,-178.46,-29.74,152788745.37,500,
192.61,180.13,30.02,152788745.37,500,-192.61,-180.13,-30.02,152788745.37,500,
190.53,181.78,30.3,152788745.37,500,-190.53,-181.78,-30.3,152788745.37,500,
188.43,183.41,30.57,152788745.37,500,-188.43,-183.41,-30.57,152788745.37,500,
186.31,185.03,30.84,152788745.37,500,-186.31,-185.03,-30.84,152788745.37,500,
184.18,186.63,31.11,152788745.37,500,-184.18,-186.63,-31.1,152788745.37,500,
182.03,188.21,31.37,152788745.37,500,-182.03,-188.21,-31.37,152788745.37,500,
179.87,189.78,31.63,152788745.37,500,-179.87,-189.78,-31.63,152788745.37,500,
177.69,191.33,31.89,152788745.37,500,-177.69,-191.33,-31.89,152788745.37,500,
175.49,192.86,32.14,152788745.37,500,-175.49,-192.86,-32.14,152788745.37,500,
173.28,194.38,32.4,152788745.37,500,-173.28,-194.37,-32.4,152788745.37,500,
171.05,195.88,32.65,152788745.37,500,-171.05,-195.87,-32.65,152788745.37,500,
168.8,197.36,32.89,152788745.37,500,-168.8,-197.35,-32.89,152788745.37,500,
166.54,198.82,33.14,152788745.37,500,-166.54,-198.81,-33.14,152788745.37,500,
164.27,200.26,33.38,152788745.37,500,-164.27,-200.26,-33.38,152788745.37,500,
161.98,201.69,33.61,152788745.37,500,-161.98,-201.68,-33.61,152788745.37,500,
159.68,203.09,33.85,152788745.37,500,-159.68,-203.09,-33.85,152788745.37,500,
157.36,204.48,34.08,152788745.37,500,-157.36,-204.48,-34.08,152788745.37,500,
155.02,205.85,34.31,152788745.37,500,-155.02,-205.85,-34.31,152788745.37,500,
152.67,207.2,34.53,152788745.37,500,-152.67,-207.2,-34.53,152788745.37,500,
150.31,208.53,34.76,152788745.37,500,-150.31,-208.53,-34.75,152788745.37,500,
147.94,209.84,34.97,152788745.37,500,-147.94,-209.84,-34.97,152788745.37,500,
145.55,211.13,35.19,152788745.37,500,-145.55,-211.13,-35.19,152788745.37,500,
143.14,212.4,35.4,152788745.37,500,-143.14,-212.4,-35.4,152788745.37,500,
140.72,213.66,35.61,152788745.37,500,-140.72,-213.65,-35.61,152788745.37,500,
138.29,214.89,35.81,152788745.37,500,-138.29,-214.88,-35.81,152788745.37,500,
135.85,216.1,36.02,152788745.37,500,-135.85,-216.09,-36.02,152788745.37,500,
133.39,217.29,36.21,152788745.37,500,-133.39,-217.28,-36.21,152788745.37,500,
130.92,218.46,36.41,152788745.37,500,-130.92,-218.45,-36.41,152788745.37,500,
128.44,219.6,36.6,152788745.37,500,-128.44,-219.6,-36.6,152788745.37,500,
125.94,220.73,36.79,152788745.37,500,-125.94,-220.73,-36.79,152788745.37,500,
123.44,221.84,36.97,152788745.37,500,-123.44,-221.83,-36.97,152788745.37,500,
120.92,222.92,37.15,152788745.37,500,-120.92,-222.92,-37.15,152788745.37,500,
118.39,223.98,37.33,152788745.37,500,-118.39,-223.98,-37.33,152788745.37,500,
115.85,225.03,37.5,152788745.37,500,-115.85,-225.02,-37.5,152788745.37,500,
113.29,226.04,37.67,152788745.37,500,-113.29,-226.04,-37.67,152788745.37,500,
110.73,227.04,37.84,152788745.37,500,-110.73,-227.04,-37.84,152788745.37,500,
108.15,228.02,38,152788745.37,500,-108.15,-228.01,-38,152788745.37,500,
105.57,228.97,38.16,152788745.37,500,-105.57,-228.96,-38.16,152788745.37,500,
102.97,229.9,38.32,152788745.37,500,-102.97,-229.89,-38.32,152788745.37,500,
100.36,230.8,38.47,152788745.37,500,-100.36,-230.8,-38.47,152788745.37,500,
97.75,231.69,38.61,152788745.37,500,-97.75,-231.68,-38.61,152788745.37,500,
95.12,232.55,38.76,152788745.37,500,-95.12,-232.55,-38.76,152788745.37,500,
92.48,233.39,38.9,152788745.37,500,-92.48,-233.38,-38.9,152788745.37,500,
89.84,234.2,39.03,152788745.37,500,-89.84,-234.2,-39.03,152788745.37,500,
87.19,234.99,39.17,152788745.37,500,-87.19,-234.99,-39.16,152788745.37,500,
84.52,235.76,39.29,152788745.37,500,-84.52,-235.76,-39.29,152788745.37,500,
81.85,236.51,39.42,152788745.37,500,-81.85,-236.5,-39.42,152788745.37,500,
79.17,237.23,39.54,152788745.37,500,-79.17,-237.22,-39.54,152788745.37,500,
76.49,237.92,39.65,152788745.37,500,-76.49,-237.92,-39.65,152788745.37,500,
73.79,238.59,39.77,152788745.37,500,-73.79,-238.59,-39.77,152788745.37,500,
71.09,239.24,39.87,152788745.37,500,-71.09,-239.24,-39.87,152788745.37,500,
68.38,239.87,39.98,152788745.37,500,-68.38,-239.86,-39.98,152788745.37,500,
65.66,240.47,40.08,152788745.37,500,-65.66,-240.46,-40.08,152788745.37,500,
62.94,241.04,40.17,152788745.37,500,-62.94,-241.04,-40.17,152788745.37,500,
60.21,241.59,40.27,152788745.37,500,-60.21,-241.59,-40.26,152788745.37,500,
57.47,242.12,40.35,152788745.37,500,-57.47,-242.12,-40.35,152788745.37,500,
54.73,242.62,40.44,152788745.37,500,-54.73,-242.62,-40.44,152788745.37,500,
51.98,243.1,40.52,152788745.37,500,-51.98,-243.09,-40.52,152788745.37,500,
49.23,243.55,40.59,152788745.37,500,-49.23,-243.55,-40.59,152788745.37,500,
46.47,243.98,40.66,152788745.37,500,-46.47,-243.97,-40.66,152788745.37,500,
43.71,244.38,40.73,152788745.37,500,-43.71,-244.37,-40.73,152788745.37,500,
40.94,244.76,40.79,152788745.37,500,-40.94,-244.75,-40.79,152788745.37,500,
38.17,245.11,40.85,152788745.37,500,-38.17,-245.1,-40.85,152788745.37,500,
35.4,245.43,40.91,152788745.37,500,-35.4,-245.43,-40.9,152788745.37,500,
32.62,245.74,40.96,152788745.37,500,-32.62,-245.73,-40.96,152788745.37,500,
29.84,246.01,41,152788745.37,500,-29.84,-246.01,-41,152788745.37,500,
27.05,246.26,41.04,152788745.37,500,-27.05,-246.26,-41.04,152788745.37,500,
24.26,246.49,41.08,152788745.37,500,-24.26,-246.48,-41.08,152788745.37,500,
21.47,246.69,41.11,152788745.37,500,-21.47,-246.68,-41.11,152788745.37,500,
18.68,246.86,41.14,152788745.37,500,-18.68,-246.86,-41.14,152788745.37,500,
15.89,247.01,41.17,152788745.37,500,-15.89,-247.01,-41.17,152788745.37,500,
13.09,247.13,41.19,152788745.37,500,-13.09,-247.13,-41.19,152788745.37,500,
10.29,247.23,41.21,152788745.37,500,-10.29,-247.23,-41.2,152788745.37,500,
7.49,247.3,41.22,152788745.37,500,-7.49,-247.3,-41.22,152788745.37,500,
4.69,247.35,41.22,152788745.37,500,-4.7,-247.34,-41.22,152788745.37,500,
1.9,247.37,41.23,152788745.37,500,-1.9,-247.37,-41.23,152788745.37,500,
-0.9,247.36,41.23,152788745.37,500,0.9,-247.36,-41.23,152788745.37,500,
-3.7,247.33,41.22,152788745.37,500,3.7,-247.33,-41.22,152788745.37,500,
-6.5,247.28,41.21,152788745.37,500,6.5,-247.27,-41.21,152788745.37,500,
-9.3,247.2,41.2,152788745.37,500,9.3,-247.19,-41.2,152788745.37,500,
-12.1,247.09,41.18,152788745.37,500,12.1,-247.08,-41.18,152788745.37,500,
-14.9,246.96,41.16,152788745.37,500,14.9,-246.95,-41.16,152788745.37,500,
-17.69,246.8,41.13,152788745.37,500,17.69,-246.79,-41.13,152788745.37,500,
-20.49,246.61,41.1,152788745.37,500,20.49,-246.61,-41.1,152788745.37,500,
-23.28,246.4,41.07,152788745.37,500,23.28,-246.4,-41.07,152788745.37,500,
-26.07,246.17,41.03,152788745.37,500,26.07,-246.16,-41.03,152788745.37,500,
-28.85,245.91,40.98,152788745.37,500,28.85,-245.9,-40.98,152788745.37,500,
-31.64,245.62,40.94,152788745.37,500,31.64,-245.62,-40.94,152788745.37,500,
-34.42,245.31,40.89,152788745.37,500,34.42,-245.31,-40.88,152788745.37,500,
-37.19,244.97,40.83,152788745.37,500,37.19,-244.97,-40.83,152788745.37,500,
-39.96,244.61,40.77,152788745.37,500,39.96,-244.61,-40.77,152788745.37,500,
-42.73,244.22,40.7,152788745.37,500,42.73,-244.22,-40.7,152788745.37,500,
-45.5,243.81,40.64,152788745.37,500,45.5,-243.81,-40.63,152788745.37,500,
-48.26,243.37,40.56,152788745.37,500,48.26,-243.37,-40.56,152788745.37,500,
-51.01,242.91,40.49,152788745.37,500,51.01,-242.91,-40.48,152788745.37,500,
-53.76,242.42,40.4,152788745.37,500,53.76,-242.42,-40.4,152788745.37,500,
-56.5,241.91,40.32,152788745.37,500,56.5,-241.91,-40.32,152788745.37,500,
-59.24,241.38,40.23,152788745.37,500,59.24,-241.37,-40.23,152788745.37,500,
-61.97,240.81,40.14,152788745.37,500,61.97,-240.81,-40.13,152788745.37,500,
-64.7,240.23,40.04,152788745.37,500,64.7,-240.22,-40.04,152788745.37,500,
-67.42,239.62,39.94,152788745.37,500,67.42,-239.61,-39.94,152788745.37,500,
-70.13,238.98,39.83,152788745.37,500,70.13,-238.98,-39.83,152788745.37,500,
-72.83,238.32,39.72,152788745.37,500,72.83,-238.32,-39.72,152788745.37,500,
-75.53,237.64,39.61,152788745.37,500,75.53,-237.63,-39.61,152788745.37,500,
-78.22,236.93,39.49,152788745.37,500,78.22,-236.92,-39.49,152788745.37,500,
-80.9,236.2,39.37,152788745.37,500,80.9,-236.19,-39.37,152788745.37,500,
-83.57,235.44,39.24,152788745.37,500,83.57,-235.44,-39.24,152788745.37,500,
-86.24,234.66,39.11,152788745.37,500,86.24,-234.66,-39.11,152788745.37,500,
-88.9,233.86,38.98,152788745.37,500,88.9,-233.85,-38.98,152788745.37,500,
-91.54,233.03,38.84,152788745.37,500,91.54,-233.03,-38.84,152788745.37,500,
-94.18,232.18,38.7,152788745.37,500,94.18,-232.17,-38.7,152788745.37,500,
-96.81,231.31,38.55,152788745.37,500,96.81,-231.3,-38.55,152788745.37,500,
-99.43,230.41,38.4,152788745.37,500,99.43,-230.4,-38.4,152788745.37,500,
-102.04,229.49,38.25,152788745.37,500,102.04,-229.48,-38.25,152788745.37,500,
-104.64,228.55,38.09,152788745.37,500,104.64,-228.54,-38.09,152788745.37,500,
-107.23,227.58,37.93,152788745.37,500,107.23,-227.58,-37.93,152788745.37,500,
-109.8,226.59,37.77,152788745.37,500,109.8,-226.59,-37.76,152788745.37,500,
-112.37,225.58,37.6,152788745.37,500,112.37,-225.58,-37.6,152788745.37,500,
-114.93,224.55,37.42,152788745.37,500,114.93,-224.54,-37.42,152788745.37,500,
-117.47,223.49,37.25,152788745.37,500,117.47,-223.49,-37.25,152788745.37,500,
-120,222.42,37.07,152788745.37,500,120,-222.41,-37.07,152788745.37,500,
-122.53,221.32,36.89,152788745.37,500,122.53,-221.31,-36.89,152788745.37,500,
-125.04,220.2,36.7,152788745.37,500,125.04,-220.19,-36.7,152788745.37,500,
-127.53,219.06,36.51,152788745.37,500,127.53,-219.05,-36.51,152788745.37,500,
-130.02,217.89,36.32,152788745.37,500,130.02,-217.89,-36.31,152788745.37,500,
-132.49,216.71,36.12,152788745.37,500,132.49,-216.7,-36.12,152788745.37,500,
-134.95,215.5,35.92,152788745.37,500,134.95,-215.5,-35.92,152788745.37,500,
-137.4,214.28,35.71,152788745.37,500,137.4,-214.27,-35.71,152788745.37,500,
-139.83,213.03,35.5,152788745.37,500,139.83,-213.03,-35.5,152788745.37,500,
-142.25,211.76,35.29,152788745.37,500,142.25,-211.76,-35.29,152788745.37,500,
-144.65,210.48,35.08,152788745.37,500,144.65,-210.47,-35.08,152788745.37,500,
-147.05,209.17,34.86,152788745.37,500,147.05,-209.16,-34.86,152788745.37,500,
-149.42,207.84,34.64,152788745.37,500,149.42,-207.84,-34.64,152788745.37,500,
-151.79,206.49,34.42,152788745.37,500,151.79,-206.49,-34.41,152788745.37,500,
-154.14,205.13,34.19,152788745.37,500,154.14,-205.12,-34.19,152788745.37,500,
-156.47,203.74,33.96,152788745.37,500,156.47,-203.74,-33.96,152788745.37,500,
-158.79,202.34,33.72,152788745.37,500,158.79,-202.33,-33.72,152788745.37,500,
-161.1,200.91,33.49,152788745.37,500,161.1,-200.91,-33.48,152788745.37,500,
-163.39,199.47,33.24,152788745.37,500,163.39,-199.46,-33.24,152788745.37,500,
-165.67,198.01,33,152788745.37,500,165.67,-198,-33,152788745.37,500,
-167.93,196.53,32.75,152788745.37,500,167.93,-196.52,-32.75,152788745.37,500,
-170.17,195.03,32.5,152788745.37,500,170.17,-195.03,-32.5,152788745.37,500,
-172.4,193.51,32.25,152788745.37,500,172.4,-193.51,-32.25,152788745.37,500,
-174.61,191.98,32,152788745.37,500,174.61,-191.98,-32,152788745.37,500,
-176.81,190.43,31.74,152788745.37,500,176.81,-190.42,-31.74,152788745.37,500,
-178.99,188.86,31.48,152788745.37,500,178.99,-188.86,-31.48,152788745.37,500,
-181.15,187.28,31.21,152788745.37,500,181.15,-187.27,-31.21,152788745.37,500,
-183.3,185.67,30.95,152788745.37,500,183.3,-185.67,-30.94,152788745.37,500,
-185.44,184.05,30.68,152788745.37,500,185.43,-184.05,-30.67,152788745.37,500,
-187.55,182.42,30.4,152788745.37,500,187.55,-182.41,-30.4,152788745.37,500,
-189.65,180.77,30.13,152788745.37,500,189.65,-180.76,-30.13,152788745.37,500,
-191.73,179.1,29.85,152788745.37,500,191.73,-179.09,-29.85,152788745.37,500,
-193.79,177.41,29.57,152788745.37,500,193.79,-177.41,-29.57,152788745.37,500,
-195.84,175.71,29.29,152788745.37,500,195.84,-175.71,-29.28,152788745.37,500,
-197.87,174,29,152788745.37,500,197.87,-173.99,-29,152788745.37,500,
-199.88,172.27,28.71,152788745.37,500,199.88,-172.26,-28.71,152788745.37,500,
-201.88,170.52,28.42,152788745.37,500,201.88,-170.52,-28.42,152788745.37,500,
-203.86,168.76,28.13,152788745.37,500,203.86,-168.76,-28.13,152788745.37,500,
-205.82,166.99,27.83,152788745.37,500,205.82,-166.98,-27.83,152788745.37,500,
-207.76,165.2,27.53,152788745.37,500,207.76,-165.19,-27.53,152788745.37,500,
-209.68,163.39,27.23,152788745.37,500,209.68,-163.39,-27.23,152788745.37,500,
-211.59,161.58,26.93,152788745.37,500,211.59,-161.57,-26.93,152788745.37,500,
-213.48,159.74,26.62,152788745.37,500,213.48,-159.74,-26.62,152788745.37,500,
-215.35,157.9,26.32,152788745.37,500,215.35,-157.9,-26.32,152788745.37,500,
-217.2,156.04,26.01,152788745.37,500,217.2,-156.04,-26.01,152788745.37,500